Player,Squad,Age,Min,Gls,Ast,G+A,Sh,G+A_per_90,Shot_conversion_rate
Jakub Żewłakow,Legia Warsaw,18.0,2700,0.0,0.0,0.0,6,0.0,0.0
Andi Zeqiri,Widzew Łódź,26.0,7620,1.0,2.0,3.0,25,0.35,4.0
Kamil Zapolnik,Nieciecza,32.0,1769,6.0,0.0,6.0,39,0.3,15.38
Kahveh Zahiroleslam,Cracovia,23.0,6220,3.0,0.0,3.0,17,0.43,17.65
Marcel Wędrychowski,Katowice,23.0,7540,2.0,1.0,3.0,20,0.36,10.0
Theodoros Tsirigotis,Górnik Zabrze,25.0,2710,0.0,1.0,1.0,12,0.33,0.0
Andrzej Trubeha,Nieciecza,27.0,7830,2.0,0.0,2.0,19,0.23,10.53
Levente Szabo,Zagłębie Lubin,26.0,8520,3.0,1.0,4.0,22,0.42,13.64
Youssuf Sylla,Jagiellonia,22.0,1070,1.0,0.0,1.0,3,0.83,33.33
Filip Stojilković,Cracovia,25.0,1516,7.0,2.0,9.0,46,0.54,15.22
Mariusz Stępiński,Korona Kielce,30.0,1223,4.0,0.0,4.0,43,0.29,9.3
Salifou Soumah,Radomiak Radom,21.0,2910,1.0,0.0,1.0,12,0.31,8.33
Szymon Sobczak,Arka Gdynia,32.0,1490,0.0,0.0,0.0,3,0.0,0.0
Ilya Shkurin,Legia Warsaw,25.0,820,0.0,0.0,0.0,2,0.0,0.0
Ilya Shkurin,Katowice,25.0,1264,5.0,2.0,7.0,37,0.5,13.51
Łukasz Sekulski,Wisła Płock,34.0,1966,8.0,1.0,9.0,45,0.41,17.78
Iván Salvador,Wisła Płock,29.0,7080,2.0,0.0,2.0,12,0.25,16.67
Borislav Rupanov,Górnik Zabrze,20.0,1740,0.0,0.0,0.0,4,0.0,0.0
Maciej Rosołek,Katowice,23.0,3330,0.0,0.0,0.0,9,0.0,0.0
Imad Rondić,Raków,26.0,3770,0.0,0.0,0.0,4,0.0,0.0
Leonardo Rocha,Zagłębie Lubin,28.0,7940,7.0,1.0,8.0,31,0.91,22.58
Leonardo Rocha,Raków,28.0,5090,2.0,0.0,2.0,27,0.35,7.41
Dimitris Rallis,Jagiellonia,20.0,4100,3.0,0.0,3.0,12,0.65,25.0
Mileta Rajovic,Legia Warsaw,26.0,2282,6.0,0.0,6.0,73,0.24,8.22
Afimico Pululu,Jagiellonia,26.0,2352,15.0,5.0,20.0,73,0.77,20.55
Marcel Predenkiewicz,Arka Gdynia,21.0,3040,0.0,0.0,0.0,3,0.0,0.0
Percan,Arka Gdynia,23.0,2830,0.0,1.0,1.0,2,0.32,0.0
Patryk Paryzek,Pogoń Szczecin,19.0,990,0.0,0.0,0.0,1,0.0,0.0
Jean-Pierre Nsame,Legia Warsaw,32.0,5620,5.0,0.0,5.0,22,0.81,22.73
Nikodem Niski,Korona Kielce,23.0,4080,0.0,2.0,2.0,8,0.44,0.0
Vladimir Nikolov,Korona Kielce,24.0,6670,0.0,1.0,1.0,9,0.14,0.0
Giannis Niarchos,Wisła Płock,23.0,8000,1.0,1.0,2.0,18,0.22,5.56
Rajmund Molnár,Pogoń Szczecin,22.0,7380,3.0,0.0,3.0,28,0.37,10.71
Mihael Mlinarić,Zagłębie Lubin,25.0,670,0.0,0.0,0.0,1,0.0,0.0
Bogdan Mirčetić,Raków,19.0,990,0.0,0.0,0.0,2,0.0,0.0
Maurides,Radomiak Radom,31.0,2205,8.0,3.0,11.0,53,0.45,15.09
Patryk Makuch,Raków,26.0,1411,4.0,1.0,5.0,31,0.32,12.9
Sondre Liseth,Górnik Zabrze,27.0,2341,8.0,1.0,9.0,53,0.35,15.09
Ivan Lima,Piast Gliwice,20.0,520,0.0,0.0,0.0,0,0.0,0.0
Samuel Kováčik,Legia Warsaw,18.0,1060,0.0,0.0,0.0,1,0.0,0.0
Efthimis Koulouris,Pogoń Szczecin,29.0,3330,3.0,0.0,3.0,13,0.81,23.08
Kacper Kostorz,Pogoń Szczecin,25.0,2050,0.0,0.0,0.0,2,0.0,0.0
Michalis Kosidis,Zagłębie Lubin,23.0,1273,6.0,1.0,7.0,31,0.5,19.35
Jakub Kokosiński,Katowice,18.0,600,0.0,0.0,0.0,1,0.0,0.0
Antoni Klukowski,Widzew Łódź,18.0,510,0.0,0.0,0.0,0,0.0,0.0
Andreas Katsantonis,Piast Gliwice,25.0,2350,1.0,0.0,1.0,11,0.38,9.09
Deni Jurić,Wisła Płock,27.0,1154,5.0,0.0,5.0,34,0.39,14.71
Mikael Ishak,Lech Poznań,32.0,2419,16.0,5.0,21.0,110,0.78,14.55
Saïd Hamulic,Wisła Płock,24.0,3540,0.0,0.0,0.0,14,0.0,0.0
Michał Głogowski,Lechia Gdańsk,19.0,1370,0.0,0.0,0.0,4,0.0,0.0
Vladislavs Gutkovskis,Arka Gdynia,30.0,1022,4.0,1.0,5.0,30,0.44,13.33
Eduardo Espiau,Arka Gdynia,30.0,1593,6.0,0.0,6.0,30,0.34,20.0
Ivan Durdov,Nieciecza,25.0,5230,3.0,1.0,4.0,20,0.69,15.0
Depú,Radomiak Radom,25.0,1800,1.0,0.0,1.0,9,0.5,11.11
Adrián Dalmau,Piast Gliwice,31.0,5500,2.0,0.0,2.0,20,0.33,10.0
Renat Dadaşov,Motor Lublin,26.0,4680,0.0,0.0,0.0,8,0.0,0.0
Karol Czubak,Motor Lublin,25.0,2542,19.0,3.0,22.0,93,0.78,20.43
Filip Čuić,Pogoń Szczecin,22.0,6510,4.0,0.0,4.0,17,0.56,23.53
Antonio Čolak,Legia Warsaw,31.0,2740,3.0,0.0,3.0,8,1.0,37.5
Gabriel Charpentier,Cracovia,26.0,1560,2.0,1.0,3.0,5,1.76,40.0
Adrian Błąd,Katowice,34.0,6070,0.0,0.0,0.0,8,0.0,0.0
Aleksander Buksa,Katowice,22.0,1130,0.0,0.0,0.0,3,0.0,0.0
Isak Brusberg,Raków,18.0,2160,0.0,0.0,0.0,3,0.0,0.0
Jonatan Braut Brunes,Raków,24.0,2451,16.0,0.0,16.0,78,0.59,20.51
Tomáš Bobček,Lechia Gdańsk,23.0,2456,20.0,6.0,26.0,117,0.95,17.09
Sebastian Bergier,Widzew Łódź,25.0,2278,14.0,4.0,18.0,54,0.71,25.93
Florent Batoum,Cracovia,23.0,1880,0.0,0.0,0.0,2,0.0,0.0
Hierman Barkoŭski,Piast Gliwice,23.0,1937,4.0,1.0,5.0,55,0.23,7.27
Pape Ba,Widzew Łódź,28.0,720,0.0,0.0,0.0,2,0.0,0.0
Mohamed Awad Alla,Lechia Gdańsk,23.0,2020,1.0,0.0,1.0,4,0.45,25.0
Karol Angielski,Pogoń Szczecin,29.0,5490,1.0,0.0,1.0,7,0.16,14.29
Migouel Alfarela,Legia Warsaw,27.0,2730,1.0,1.0,2.0,7,0.67,14.29
Milan Aleksić,Cracovia,19.0,1840,0.0,0.0,0.0,4,0.0,0.0
Yannick Agnero,Lech Poznań,22.0,6030,3.0,0.0,3.0,21,0.45,14.29
